policy,streaming_ratio,agentic_ratio,throughput_rps,p95_latency_ms,p99_latency_ms,sla_violation_rate,cost_per_success,total_jobs,success_jobs,timeout_jobs
fifo,0.9,0.1,0.041648281062108085,311073.6873240451,522403.6439616136,0.9953906182349769,0.2301328658622905,2507.5714285714284,31.857142857142858,2475.714285714286
fifo,0.5,0.5,0.010785307320440581,3219598.7002599114,3506581.517916241,0.995522201401333,0.36430279028616563,2516.285714285714,40.857142857142854,2475.4285714285716
fifo,0.1,0.9,0.03839397484481054,6132573.092411751,6417749.814655768,0.8991747025537123,0.06909015625273619,2514.285714285714,256.14285714285717,2258.1428571428573
shortest-job-first,0.9,0.1,1.6760302256344235,289371.1670619688,628757.6040852756,0.5030583969397482,0.003719105029371293,2507.5714285714284,1450.5714285714287,1057.0
shortest-job-first,0.5,0.5,0.32458148755719013,2970589.278780515,3547355.5561701106,0.5925863542431936,0.008939194555976419,2516.285714285714,1242.4285714285713,1273.857142857143
shortest-job-first,0.1,0.9,0.06737474529112748,5748122.690231031,6388751.576871107,0.836781809162099,0.03883100446608223,2514.285714285714,450.0,2064.285714285714
agentic-priority,0.9,0.1,0.035920265137152345,311050.57349944423,521742.95053694246,0.9956783875555351,0.27454143610705495,2507.5714285714284,27.428571428571427,2480.1428571428573
agentic-priority,0.5,0.5,0.010785307320440581,3219598.7002599114,3506581.517916241,0.995522201401333,0.36430279028616563,2516.285714285714,40.857142857142854,2475.4285714285716
agentic-priority,0.1,0.9,0.03839397484481054,6132573.092411751,6417749.814655768,0.8991747025537123,0.06909015625273619,2514.285714285714,256.14285714285717,2258.1428571428573
