policy,streaming_ratio,agentic_ratio,throughput_rps,p95_latency_ms,p99_latency_ms,sla_violation_rate,cost_per_success,total_jobs,success_jobs,timeout_jobs
fifo,0.9,0.1,7.720946961124122,4423.748273448662,8408.095048909725,0.027539389043399844,0.0014797887860969745,977.6,975.4,2.2
fifo,0.5,0.5,1.0135654576069015,346484.8603515645,374807.9908473418,0.49112048453529605,0.007196268005854477,983.0,508.4,474.6
fifo,0.1,0.9,0.1260700671906258,726153.2141170069,761728.7895204371,0.8915550605184521,0.05075013139162758,959.4,112.2,847.2
shortest-job-first,0.9,0.1,7.704782051258141,3892.1349100113084,8044.661770961099,0.027173808231348583,0.0014810140044542663,977.6,974.8,2.8
shortest-job-first,0.5,0.5,1.3726745871731412,341348.48950311186,430056.879393089,0.3236984168267491,0.0051470786119394195,983.0,692.8,290.2
shortest-job-first,0.1,0.9,0.3798318946611749,725691.3981657384,814179.2847180376,0.6699497907942986,0.016405366522748138,959.4,339.2,620.2
agentic-priority,0.9,0.1,7.720946961124122,4423.748273448662,8408.095048909725,0.027539389043399844,0.0014797887860969745,977.6,975.4,2.2
agentic-priority,0.5,0.5,1.0135654576069015,346484.8603515645,374807.9908473418,0.49112048453529605,0.007196268005854477,983.0,508.4,474.6
agentic-priority,0.1,0.9,0.1260700671906258,726153.2141170069,761728.7895204371,0.8915550605184521,0.05075013139162758,959.4,112.2,847.2
